id,name,model_id:id,group_id:id,perm_read,perm_write,perm_create,perm_unlink
access_workout_muscle_user,workout.muscle user,model_workout_muscle,workout_group_user,1,0,0,0
access_workout_equipment_user,workout.equipment user,model_workout_equipment,workout_group_user,1,0,0,0
access_workout_exercise_user,workout.exercise user,model_workout_exercise,workout_group_user,1,0,0,0
access_workout_program_user,workout.program user,model_workout_program,workout_group_user,1,1,1,0
access_workout_program_day_user,workout.program.day user,model_workout_program_day,workout_group_user,1,1,1,0
access_workout_prescription_user,workout.prescription user,model_workout_prescription,workout_group_user,1,1,1,0
access_workout_session_user,workout.session user,model_workout_session,workout_group_user,1,1,1,0
access_workout_session_exercise_user,workout.session.exercise user,model_workout_session_exercise,workout_group_user,1,1,1,0
access_workout_session_set_user,workout.session.set user,model_workout_session_set,workout_group_user,1,1,1,0
access_workout_goal_user,workout.goal user,model_workout_goal,workout_group_user,1,1,1,0
access_workout_measurement_user,workout.measurement user,model_workout_measurement,workout_group_user,1,1,1,0
access_workout_pr_user,workout.personal.record user,model_workout_personal_record,workout_group_user,1,0,0,0
access_workout_event_user,workout.progress.event user,model_workout_progress_event,workout_group_user,1,0,0,0
access_workout_attendance_user,workout.attendance user,model_workout_attendance,workout_group_user,1,1,1,0
access_workout_plan_user,workout.membership.plan user,model_workout_membership_plan,workout_group_user,1,0,0,0
access_workout_membership_user,workout.membership user,model_workout_membership,workout_group_user,1,1,1,0
access_workout_muscle_manager,workout.muscle manager,model_workout_muscle,workout_group_manager,1,1,1,1
access_workout_equipment_manager,workout.equipment manager,model_workout_equipment,workout_group_manager,1,1,1,1
access_workout_exercise_manager,workout.exercise manager,model_workout_exercise,workout_group_manager,1,1,1,1
access_workout_program_manager,workout.program manager,model_workout_program,workout_group_manager,1,1,1,1
access_workout_program_day_manager,workout.program.day manager,model_workout_program_day,workout_group_manager,1,1,1,1
access_workout_prescription_manager,workout.prescription manager,model_workout_prescription,workout_group_manager,1,1,1,1
access_workout_session_manager,workout.session manager,model_workout_session,workout_group_manager,1,1,1,1
access_workout_session_exercise_manager,workout.session.exercise manager,model_workout_session_exercise,workout_group_manager,1,1,1,1
access_workout_session_set_manager,workout.session.set manager,model_workout_session_set,workout_group_manager,1,1,1,1
access_workout_goal_manager,workout.goal manager,model_workout_goal,workout_group_manager,1,1,1,1
access_workout_measurement_manager,workout.measurement manager,model_workout_measurement,workout_group_manager,1,1,1,1
access_workout_pr_manager,workout.personal.record manager,model_workout_personal_record,workout_group_manager,1,1,1,1
access_workout_event_manager,workout.progress.event manager,model_workout_progress_event,workout_group_manager,1,1,1,1
access_workout_attendance_manager,workout.attendance manager,model_workout_attendance,workout_group_manager,1,1,1,1
access_workout_plan_manager,workout.membership.plan manager,model_workout_membership_plan,workout_group_manager,1,1,1,1
access_workout_membership_manager,workout.membership manager,model_workout_membership,workout_group_manager,1,1,1,1
